{
  "pages": [],
  "team": [],
  "services": [],
  "heroSlides": [],
  "images": [],
  "podcasts": [
    {
      "id": "e209c611-c1ee-46ed-9aca-30587984a8c6",
      "title": "Nehemiah 13 - A New Heart",
      "description": "",
      "speaker": "Adam Bull",
      "series": "Nehemiah",
      "audioUrl": "/audio/uploaded/1510a5d0-43fe-4b87-85f8-33f37f1220ec.mp3",
      "filename": "1510a5d0-43fe-4b87-85f8-33f37f1220ec.mp3",
      "originalName": "20251130_AdamBull_Revivalfadesunlesstheheartistransformed.mp3",
      "size": 40119588,
      "publishedAt": "2025-11-30T14:29:00.000Z",
      "guid": "e209c611-c1ee-46ed-9aca-30587984a8c6"
    },
    {
      "id": "f8db395b-d4c9-4d79-8a53-4123c96476d3",
      "title": "9. Renewed Covenant: Commitment to God’s Ways ",
      "description": "",
      "speaker": "Leon Thomas",
      "speakerEmail": "",
      "audioUrl": "/audio/uploaded/f64c926e-2dcf-4df8-a601-a980f8c6e97d.mp3",
      "filename": "f64c926e-2dcf-4df8-a601-a980f8c6e97d.mp3",
      "originalName": "23112025_Leon_Edwards_Nehemiah1112.mp3",
      "size": 36802479,
      "publishedAt": "2025-11-23T12:00:00.000Z",
      "guid": "f8db395b-d4c9-4d79-8a53-4123c96476d3",
      "category": "Nehemiah",
      "series": "Nehemiah"
    },
    {
      "id": "09d97edf-a498-4a2f-be6e-adcd480dc2be",
      "title": "7. Worship and the Word",
      "description": "",
      "speaker": "John Watson",
      "speakerEmail": "",
      "audioUrl": "/audio/uploaded/c9044cfa-90fb-49fc-8747-d24ce63d83e1.mp3",
      "filename": "c9044cfa-90fb-49fc-8747-d24ce63d83e1.mp3",
      "originalName": "20251109_JohnWatson_Nehemiah7&8.mp3",
      "size": 36451978,
      "publishedAt": "2025-11-09T12:00:00.000Z",
      "guid": "09d97edf-a498-4a2f-be6e-adcd480dc2be",
      "category": "Nehemiah",
      "series": "Nehemiah"
    },
    {
      "id": "c1546e2e-7313-4ea0-ab9c-310382cb60f6",
      "title": "Smelly Soldiers, Slaves and Sacrifices",
      "description": "",
      "speaker": "Rob Prendagast",
      "speakerEmail": "",
      "audioUrl": "/audio/uploaded/4281352f-d661-41e2-9e9b-db6746b4afb4.mp3",
      "filename": "4281352f-d661-41e2-9e9b-db6746b4afb4.mp3",
      "originalName": "20251102_RobPrendagast_SmellysoldiersSlavesAndsacrifices.mp3",
      "size": 45405843,
      "publishedAt": "2025-11-02T12:00:00.000Z",
      "guid": "c1546e2e-7313-4ea0-ab9c-310382cb60f6"
    },
    {
      "id": "bf662a0f-1c47-4b7c-bb42-71ced4b33b25",
      "title": "5. Nehemiah 6",
      "description": "",
      "speaker": "Dan Adeyemi",
      "speakerEmail": "",
      "audioUrl": "/audio/uploaded/365a059f-36a4-491d-85cc-2af3a6a6b827.mp3",
      "filename": "365a059f-36a4-491d-85cc-2af3a6a6b827.mp3",
      "originalName": "2025026_DanA_Nehemiah6.mp3",
      "size": 44960631,
      "publishedAt": "2025-10-26T12:00:00.000Z",
      "guid": "bf662a0f-1c47-4b7c-bb42-71ced4b33b25",
      "category": "Nehemiah",
      "series": "Nehemiah"
    },
    {
      "id": "10250",
      "title": "4. Building in the face of opposition",
      "description": "By John Watson",
      "speaker": "John Watson",
      "speakerEmail": "johnawatson72@gmail.com",
      "audioUrl": "http://www.egcc.co.uk/company/egcc/audio/20251012_JohnWatson_Nehemiah4.mp3",
      "filename": "20251012_JohnWatson_Nehemiah4.mp3",
      "originalName": "20251012_JohnWatson_Nehemiah4.mp3",
      "size": 33981078,
      "duration": "33:12",
      "publishedAt": "2025-10-12T00:00:00.000Z",
      "category": "Nehemiah",
      "series": "Nehemiah",
      "guid": "10250"
    },
    {
      "id": "10249",
      "title": "Still small voice / Real success",
      "description": "By Various Speakers",
      "speaker": "Various Speakers",
      "speakerEmail": "johnawatson72@gmail.com",
      "audioUrl": "http://www.egcc.co.uk/company/egcc/audio/20251005_MartinandPhil.mp3",
      "filename": "20251005_MartinandPhil.mp3",
      "originalName": "20251005_MartinandPhil.mp3",
      "size": 33703985,
      "duration": "33:44",
      "publishedAt": "2025-10-05T00:00:00.000Z",
      "category": "Talk",
      "series": null,
      "guid": "10249"
    },
    {
      "id": "10248",
      "title": "3. Everyone has a role",
      "description": "By Adam Bull",
      "speaker": "Adam Bull",
      "speakerEmail": "",
      "audioUrl": "http://www.egcc.co.uk/company/egcc/audio/20250928_Nehemiah 3_AdamBull.mp3",
      "filename": "20250928_Nehemiah 3_AdamBull.mp3",
      "originalName": "20250928_Nehemiah 3_AdamBull.mp3",
      "size": 48359637,
      "duration": "36:36",
      "publishedAt": "2025-09-28T00:00:00.000Z",
      "category": "Nehemiah",
      "series": "Nehemiah",
      "guid": "10248"
    },
    {
      "id": "10247",
      "title": "2. Now is the time",
      "description": "By Daniel Bull",
      "speaker": "Daniel Bull",
      "speakerEmail": "johnawatson72@gmail.com",
      "audioUrl": "http://www.egcc.co.uk/company/egcc/audio/20250921_Nehemiah2_DanielBull.mp3",
      "filename": "20250921_Nehemiah2_DanielBull.mp3",
      "originalName": "20250921_Nehemiah2_DanielBull.mp3",
      "size": 43308465,
      "duration": "43:02",
      "publishedAt": "2025-09-21T00:00:00.000Z",
      "category": "Talk",
      "series": "Nehemiah",
      "guid": "10247"
    },
    {
      "id": "10246",
      "title": "1. A burden for broken walls",
      "description": "By Adam Bull",
      "speaker": "Adam Bull",
      "speakerEmail": "johnawatson72@gmail.com",
      "audioUrl": "http://www.egcc.co.uk/company/egcc/audio/20250914_AburdenforBrokenWalls_AdamBull.mp3",
      "filename": "20250914_AburdenforBrokenWalls_AdamBull.mp3",
      "originalName": "20250914_AburdenforBrokenWalls_AdamBull.mp3",
      "size": 44023672,
      "duration": "43:51",
      "publishedAt": "2025-09-14T00:00:00.000Z",
      "category": "Talk",
      "series": "Nehemiah",
      "guid": "10246"
    },
    {
      "id": "10243",
      "title": "The cost of worship",
      "description": "By John Watson",
      "speaker": "John Watson",
      "speakerEmail": "johnawatson72@gmail.com",
      "audioUrl": "http://www.egcc.co.uk/company/egcc/audio/20250907_JohnWatson_IwillnotgivetotheLordthatwhichcostmenothing.mp3",
      "filename": "20250907_JohnWatson_IwillnotgivetotheLordthatwhichcostmenothing.mp3",
      "originalName": "20250907_JohnWatson_IwillnotgivetotheLordthatwhichcostmenothing.mp3",
      "size": 39676603,
      "duration": "30:20",
      "publishedAt": "2025-09-07T00:00:00.000Z",
      "category": "Talk",
      "series": null,
      "guid": "10243"
    },
    {
      "id": "10242",
      "title": "We are all in this together",
      "description": "By John Watson",
      "speaker": "John Watson",
      "speakerEmail": "johnawatson72@gmail.com",
      "audioUrl": "http://www.egcc.co.uk/company/egcc/audio/20250831_JohnWatson_Weareallinthistogether.mp3",
      "filename": "20250831_JohnWatson_Weareallinthistogether.mp3",
      "originalName": "20250831_JohnWatson_Weareallinthistogether.mp3",
      "size": 29057895,
      "duration": "27:11",
      "publishedAt": "2025-08-31T00:00:00.000Z",
      "category": "Talk",
      "series": null,
      "guid": "10242"
    },
    {
      "id": "10245",
      "title": "Rest in God",
      "description": "By Adam Bull",
      "speaker": "Adam Bull",
      "speakerEmail": "johnawatson72@gmail.com",
      "audioUrl": "http://www.egcc.co.uk/company/egcc/audio/20250817_AdamBull_Rest.mp3",
      "filename": "20250817_AdamBull_Rest.mp3",
      "originalName": "20250817_AdamBull_Rest.mp3",
      "size": 36977594,
      "duration": "35:12",
      "publishedAt": "2025-08-17T00:00:00.000Z",
      "category": "Talk",
      "series": null,
      "guid": "10245"
    },
    {
      "id": "10244",
      "title": "The Holy Spirit",
      "description": "By Leon Thomas",
      "speaker": "Leon Thomas",
      "speakerEmail": "johnawatson72@gmail.com",
      "audioUrl": "http://www.egcc.co.uk/company/egcc/audio/20250810_LeonThomas_HolySpirit.mp3",
      "filename": "20250810_LeonThomas_HolySpirit.mp3",
      "originalName": "20250810_LeonThomas_HolySpirit.mp3",
      "size": 30705867,
      "duration": "28:05",
      "publishedAt": "2025-08-10T00:00:00.000Z",
      "category": "Talk",
      "series": null,
      "guid": "10244"
    },
    {
      "id": "10241",
      "title": "Testimonies",
      "description": "By Various Speakers",
      "speaker": "Various Speakers",
      "speakerEmail": "johnawatson72@gmail.com",
      "audioUrl": "http://www.egcc.co.uk/company/egcc/audio/20250803_testimonies.mp3",
      "filename": "20250803_testimonies.mp3",
      "originalName": "20250803_testimonies.mp3",
      "size": 33371356,
      "duration": "31:22",
      "publishedAt": "2025-08-03T00:00:00.000Z",
      "category": "Talk",
      "series": null,
      "guid": "10241"
    },
    {
      "id": "10240",
      "title": "I will build my church",
      "description": "By John Watson",
      "speaker": "John Watson",
      "speakerEmail": "johnawatson72@gmail.com",
      "audioUrl": "http://www.egcc.co.uk/company/egcc/audio/20250720_JohnWatson_IWillBuildMyChurch.mp3",
      "filename": "20250720_JohnWatson_IWillBuildMyChurch.mp3",
      "originalName": "20250720_JohnWatson_IWillBuildMyChurch.mp3",
      "size": 35570744,
      "duration": "35:00",
      "publishedAt": "2025-07-20T00:00:00.000Z",
      "category": "Talk",
      "series": null,
      "guid": "10240"
    },
    {
      "id": "10239",
      "title": "Walk by faith",
      "description": "By Daniel Bull",
      "speaker": "Daniel Bull",
      "speakerEmail": "johnawatson72@gmail.com",
      "audioUrl": "http://www.egcc.co.uk/company/egcc/audio/20250713_DanielBull_WalkbyFaith.mp3",
      "filename": "20250713_DanielBull_WalkbyFaith.mp3",
      "originalName": "20250713_DanielBull_WalkbyFaith.mp3",
      "size": 43142826,
      "duration": "43:16",
      "publishedAt": "2025-07-13T00:00:00.000Z",
      "category": "Talk",
      "series": null,
      "guid": "10239"
    },
    {
      "id": "10238",
      "title": "Never be thirsty again (and baptism testimonies)",
      "description": "By Adam Bull",
      "speaker": "Adam Bull",
      "speakerEmail": "johnawatson72@gmail.com",
      "audioUrl": "http://www.egcc.co.uk/company/egcc/audio/20250706_AdamBull_BaptismTestimonies_NeverBeThirsty.mp3",
      "filename": "20250706_AdamBull_BaptismTestimonies_NeverBeThirsty.mp3",
      "originalName": "20250706_AdamBull_BaptismTestimonies_NeverBeThirsty.mp3",
      "size": 51170074,
      "duration": "38:45",
      "publishedAt": "2025-07-06T00:00:00.000Z",
      "category": "Talk",
      "series": null,
      "guid": "10238"
    },
    {
      "id": "10237",
      "title": "The word from His mouth",
      "description": "By Daniel Adeyemi",
      "speaker": "Daniel Adeyemi",
      "speakerEmail": "johnawatson72@gmail.com",
      "audioUrl": "http://www.egcc.co.uk/company/egcc/audio/20250629_DanielA_Thewordfromhismouth.mp3",
      "filename": "20250629_DanielA_Thewordfromhismouth.mp3",
      "originalName": "20250629_DanielA_Thewordfromhismouth.mp3",
      "size": 60212336,
      "duration": "56:13",
      "publishedAt": "2025-06-29T00:00:00.000Z",
      "category": "Talk",
      "series": null,
      "guid": "10237"
    },
    {
      "id": "10236",
      "title": "Seeds of Revival - Death to Self, Obedience to God",
      "description": "By Adam Bull",
      "speaker": "Adam Bull",
      "speakerEmail": "johnawatson72@gmail.com",
      "audioUrl": "http://www.egcc.co.uk/company/egcc/audio/20250622_AdamBull_Seedsofrevival_DeathtoselfandobediencetoGod.mp3",
      "filename": "20250622_AdamBull_Seedsofrevival_DeathtoselfandobediencetoGod.mp3",
      "originalName": "20250622_AdamBull_Seedsofrevival_DeathtoselfandobediencetoGod.mp3",
      "size": 35975787,
      "duration": "35:14",
      "publishedAt": "2025-06-22T00:00:00.000Z",
      "category": "Talk",
      "series": null,
      "guid": "10236"
    },
    {
      "id": "10235",
      "title": "Fathers Day",
      "description": "By Leon Thomas",
      "speaker": "Leon Thomas",
      "speakerEmail": "johnawatson72@gmail.com",
      "audioUrl": "http://www.egcc.co.uk/company/egcc/audio/20250615_Fatherfigure_leon.mp3",
      "filename": "20250615_Fatherfigure_leon.mp3",
      "originalName": "20250615_Fatherfigure_leon.mp3",
      "size": 51957732,
      "duration": "52:23",
      "publishedAt": "2025-06-15T00:00:00.000Z",
      "category": "Talk",
      "series": null,
      "guid": "10235"
    },
    {
      "id": "10234",
      "title": "Seeds of Revival - Repentance",
      "description": "By John Watson",
      "speaker": "John Watson",
      "speakerEmail": "johnawatson72@gmail.com",
      "audioUrl": "http://www.egcc.co.uk/company/egcc/audio/2050608_JohnWatson_seedsofrevival_Repentance.mp3",
      "filename": "2050608_JohnWatson_seedsofrevival_Repentance.mp3",
      "originalName": "2050608_JohnWatson_seedsofrevival_Repentance.mp3",
      "size": 39480799,
      "duration": "39:28",
      "publishedAt": "2025-06-08T00:00:00.000Z",
      "category": "Talk",
      "series": null,
      "guid": "10234"
    },
    {
      "id": "10233",
      "title": "Compassion UK - release of the burden",
      "description": "By Melvyn Nadoo",
      "speaker": "Melvyn Nadoo",
      "speakerEmail": "johnawatson72@gmail.com",
      "audioUrl": "http://www.egcc.co.uk/company/egcc/audio/20250601_Melvin_Compassionfor UK.mp3",
      "filename": "20250601_Melvin_Compassionfor UK.mp3",
      "originalName": "20250601_Melvin_Compassionfor UK.mp3",
      "size": 43446782,
      "duration": "41:51",
      "publishedAt": "2025-06-01T00:00:00.000Z",
      "category": "Talk",
      "series": null,
      "guid": "10233"
    },
    {
      "id": "10232",
      "title": "Seeds of Revival - Conviction of the Holy Spirit",
      "description": "By Daniel Bull",
      "speaker": "Daniel Bull",
      "speakerEmail": "johnawatson72@gmail.com",
      "audioUrl": "http://www.egcc.co.uk/company/egcc/audio/20250525_DanielBull_Seedsofrevival_Conviction.mp3",
      "filename": "20250525_DanielBull_Seedsofrevival_Conviction.mp3",
      "originalName": "20250525_DanielBull_Seedsofrevival_Conviction.mp3",
      "size": 45315963,
      "duration": "45:31",
      "publishedAt": "2025-05-25T00:00:00.000Z",
      "category": "Talk",
      "series": null,
      "guid": "10232"
    },
    {
      "id": "10231",
      "title": "Make room for God",
      "description": "By John Watson",
      "speaker": "John Watson",
      "speakerEmail": "johnawatson72@gmail.com",
      "audioUrl": "http://www.egcc.co.uk/company/egcc/audio/20250518_JohnWatson_Makeroom forGod.mp3",
      "filename": "20250518_JohnWatson_Makeroom forGod.mp3",
      "originalName": "20250518_JohnWatson_Makeroom forGod.mp3",
      "size": 37541970,
      "duration": "37:11",
      "publishedAt": "2025-05-18T00:00:00.000Z",
      "category": "Talk",
      "series": null,
      "guid": "10231"
    },
    {
      "id": "10230",
      "title": "Seeds of Revival - The power of prayer",
      "description": "By Adam Bull",
      "speaker": "Adam Bull",
      "speakerEmail": "johnawatson72@gmail.com",
      "audioUrl": "http://www.egcc.co.uk/company/egcc/audio/20250511_AdamBull_SeedsofRevival-ThepowerofPrayer.mp3",
      "filename": "20250511_AdamBull_SeedsofRevival-ThepowerofPrayer.mp3",
      "originalName": "20250511_AdamBull_SeedsofRevival-ThepowerofPrayer.mp3",
      "size": 36982703,
      "duration": "37:54",
      "publishedAt": "2025-05-11T00:00:00.000Z",
      "category": "Talk",
      "series": null,
      "guid": "10230"
    },
    {
      "id": "10229",
      "title": "Baptism - the beginning of a new story",
      "description": "By John Watson",
      "speaker": "John Watson",
      "speakerEmail": "johnawatson72@gmail.com",
      "audioUrl": "http://www.egcc.co.uk/company/egcc/audio/20250405_Johnwatson_BaptismAndTestimonies.mp3",
      "filename": "20250405_Johnwatson_BaptismAndTestimonies.mp3",
      "originalName": "20250405_Johnwatson_BaptismAndTestimonies.mp3",
      "size": 32636905,
      "duration": "32:04",
      "publishedAt": "2025-05-04T00:00:00.000Z",
      "category": "Talk",
      "series": null,
      "guid": "10229"
    },
    {
      "id": "10228",
      "title": "Seeds of Revival - Introduction",
      "description": "By John Watson",
      "speaker": "John Watson",
      "speakerEmail": "johnawatson72@gmail.com",
      "audioUrl": "http://www.egcc.co.uk/company/egcc/audio/20250427_JohnWatson_SeedsofRevival_Introduction.mp3",
      "filename": "20250427_JohnWatson_SeedsofRevival_Introduction.mp3",
      "originalName": "20250427_JohnWatson_SeedsofRevival_Introduction.mp3",
      "size": 37013102,
      "duration": "36:27",
      "publishedAt": "2025-04-27T00:00:00.000Z",
      "category": "Talk",
      "series": null,
      "guid": "10228"
    },
    {
      "id": "10227",
      "title": "The day everything changed",
      "description": "By Daniel Bull",
      "speaker": "Daniel Bull",
      "speakerEmail": "johnawatson72@gmail.com",
      "audioUrl": "http://www.egcc.co.uk/company/egcc/audio/20250420_DanielBull_ThisChangesEverything.mp3",
      "filename": "20250420_DanielBull_ThisChangesEverything.mp3",
      "originalName": "20250420_DanielBull_ThisChangesEverything.mp3",
      "size": 52782837,
      "duration": "40:53",
      "publishedAt": "2025-04-20T00:00:00.000Z",
      "category": "Talk",
      "series": null,
      "guid": "10227"
    },
    {
      "id": "10226",
      "title": "What would Jesus do? - The power of words",
      "description": "By John Watson",
      "speaker": "John Watson",
      "speakerEmail": "johnawatson72@gmail.com",
      "audioUrl": "http://www.egcc.co.uk/company/egcc/audio/20250413_JohnWatson_PowerofWords.mp3",
      "filename": "20250413_JohnWatson_PowerofWords.mp3",
      "originalName": "20250413_JohnWatson_PowerofWords.mp3",
      "size": 44353639,
      "duration": "42:04",
      "publishedAt": "2025-04-13T00:00:00.000Z",
      "category": "Talk",
      "series": null,
      "guid": "10226"
    },
    {
      "id": "10225",
      "title": "Love well and live",
      "description": "By Adam Bull",
      "speaker": "Adam Bull",
      "speakerEmail": "johnawatson72@gmail.com",
      "audioUrl": "http://www.egcc.co.uk/company/egcc/audio/20250330_AdamBull_lovewellandlive.mp3",
      "filename": "20250330_AdamBull_lovewellandlive.mp3",
      "originalName": "20250330_AdamBull_lovewellandlive.mp3",
      "size": 41380480,
      "duration": "38:49",
      "publishedAt": "2025-03-30T00:00:00.000Z",
      "category": "Talk",
      "series": null,
      "guid": "10225"
    },
    {
      "id": "10223",
      "title": "What would Jesus do? - Overcoming temptation",
      "description": "By Bulelwa Bull",
      "speaker": "Bulelwa Bull",
      "speakerEmail": "johnawatson72@gmail.com",
      "audioUrl": "http://www.egcc.co.uk/company/egcc/audio/20250323_BulelwaBull_WWJD_overcomingTemptation.mp3",
      "filename": "20250323_BulelwaBull_WWJD_overcomingTemptation.mp3",
      "originalName": "20250323_BulelwaBull_WWJD_overcomingTemptation.mp3",
      "size": 42830062,
      "duration": "44:36",
      "publishedAt": "2025-03-23T00:00:00.000Z",
      "category": "Talk",
      "series": null,
      "guid": "10223"
    },
    {
      "id": "10222",
      "title": "What would Jesus do? - Living generously",
      "description": "By Leon Thomas",
      "speaker": "Leon Thomas",
      "speakerEmail": "johnawatson72@gmail.com",
      "audioUrl": "http://www.egcc.co.uk/company/egcc/audio/20250316_LeonThomas_WWJD_Generosity.mp3",
      "filename": "20250316_LeonThomas_WWJD_Generosity.mp3",
      "originalName": "20250316_LeonThomas_WWJD_Generosity.mp3",
      "size": 31686766,
      "duration": "33:00",
      "publishedAt": "2025-03-16T00:00:00.000Z",
      "category": "Talk",
      "series": null,
      "guid": "10222"
    },
    {
      "id": "10221",
      "title": "What would Jesus do? - Standing firm",
      "description": "By Daniel Bull",
      "speaker": "Daniel Bull",
      "speakerEmail": "johnawatson72@gmail.com",
      "audioUrl": "http://www.egcc.co.uk/company/egcc/audio/20250309_DanielBull_WWJD_Standingfirm.mp3",
      "filename": "20250309_DanielBull_WWJD_Standingfirm.mp3",
      "originalName": "20250309_DanielBull_WWJD_Standingfirm.mp3",
      "size": 47425839,
      "duration": "44:33",
      "publishedAt": "2025-03-09T00:00:00.000Z",
      "category": "Talk",
      "series": null,
      "guid": "10221"
    },
    {
      "id": "10224",
      "title": "What would Jesus do? - Finding rest when anxious",
      "description": "By Alan Robinson",
      "speaker": "Alan Robinson",
      "speakerEmail": "johnawatson72@gmail.com",
      "audioUrl": "http://www.egcc.co.uk/company/egcc/audio/20250302_AlanR_WWJD_dealingwithanxiety.mp3",
      "filename": "20250302_AlanR_WWJD_dealingwithanxiety.mp3",
      "originalName": "20250302_AlanR_WWJD_dealingwithanxiety.mp3",
      "size": 36559025,
      "duration": "28:43",
      "publishedAt": "2025-03-02T00:00:00.000Z",
      "category": "Talk",
      "series": null,
      "guid": "10224"
    },
    {
      "id": "10219",
      "title": "What would Jesus do? - Intimate Relationships",
      "description": "By John Watson",
      "speaker": "John Watson",
      "speakerEmail": "johnawatson72@gmail.com",
      "audioUrl": "http://www.egcc.co.uk/company/egcc/audio/20250223_JohnWatson_WWJD_Relationships.mp3",
      "filename": "20250223_JohnWatson_WWJD_Relationships.mp3",
      "originalName": "20250223_JohnWatson_WWJD_Relationships.mp3",
      "size": 63284676,
      "duration": "43:57",
      "publishedAt": "2025-02-23T00:00:00.000Z",
      "category": "Talk",
      "series": null,
      "guid": "10219"
    },
    {
      "id": "10218",
      "title": "What would Jesus do? - Dealing with difficult people",
      "description": "By Daniel Adeyemi",
      "speaker": "Daniel Adeyemi",
      "speakerEmail": "johnawatson72@gmail.com",
      "audioUrl": "http://www.egcc.co.uk/company/egcc/audio/20250216_DanielAdeyemi_WWJD_ DealingWithDifficultPeople.mp3",
      "filename": "20250216_DanielAdeyemi_WWJD_ DealingWithDifficultPeople.mp3",
      "originalName": "20250216_DanielAdeyemi_WWJD_ DealingWithDifficultPeople.mp3",
      "size": 35970433,
      "duration": "25:32",
      "publishedAt": "2025-02-16T00:00:00.000Z",
      "category": "Talk",
      "series": null,
      "guid": "10218"
    },
    {
      "id": "10217",
      "title": "What would Jesus do? - Integrity",
      "description": "By Adam Bull",
      "speaker": "Adam Bull",
      "speakerEmail": "johnawatson72@gmail.com",
      "audioUrl": "http://www.egcc.co.uk/company/egcc/audio/20250209_Adam_Bull_WWJD_Integrity.mp3",
      "filename": "20250209_Adam_Bull_WWJD_Integrity.mp3",
      "originalName": "20250209_Adam_Bull_WWJD_Integrity.mp3",
      "size": 46451672,
      "duration": "44:56",
      "publishedAt": "2025-02-09T00:00:00.000Z",
      "category": "Talk",
      "series": null,
      "guid": "10217"
    },
    {
      "id": "10216",
      "title": "What would Jesus do? - Dealing with worldliness",
      "description": "By Daniel Bull",
      "speaker": "Daniel Bull",
      "speakerEmail": "johnawatson72@gmail.com",
      "audioUrl": "http://www.egcc.co.uk/company/egcc/audio/20250202_DanielBull_WWJD_Wordliness.mp3",
      "filename": "20250202_DanielBull_WWJD_Wordliness.mp3",
      "originalName": "20250202_DanielBull_WWJD_Wordliness.mp3",
      "size": 47041905,
      "duration": "45:50",
      "publishedAt": "2025-02-02T00:00:00.000Z",
      "category": "Talk",
      "series": null,
      "guid": "10216"
    },
    {
      "id": "10215",
      "title": "What would Jesus do? - Fighting for unity",
      "description": "By Tim Cross",
      "speaker": "Tim Cross",
      "speakerEmail": "johnawatson72@gmail.com",
      "audioUrl": "http://www.egcc.co.uk/company/egcc/audio/26012025_TimCross_WWJD_Unity.mp3",
      "filename": "26012025_TimCross_WWJD_Unity.mp3",
      "originalName": "26012025_TimCross_WWJD_Unity.mp3",
      "size": 43732520,
      "duration": "41:36",
      "publishedAt": "2025-01-26T00:00:00.000Z",
      "category": "Talk",
      "series": null,
      "guid": "10215"
    },
    {
      "id": "10214",
      "title": "What would Jesus do? - The call to become like Christ",
      "description": "By John Watson",
      "speaker": "John Watson",
      "speakerEmail": "johnawatson72@gmail.com",
      "audioUrl": "http://www.egcc.co.uk/company/egcc/audio/20250119_JohnWatson_WWJD_Intro.mp3",
      "filename": "20250119_JohnWatson_WWJD_Intro.mp3",
      "originalName": "20250119_JohnWatson_WWJD_Intro.mp3",
      "size": 34979421,
      "duration": "33:56",
      "publishedAt": "2025-01-19T00:00:00.000Z",
      "category": "Talk",
      "series": null,
      "guid": "10214"
    },
    {
      "id": "10213",
      "title": "Children of God",
      "description": "By John Watson",
      "speaker": "John Watson",
      "speakerEmail": "johnawatson72@gmail.com",
      "audioUrl": "http://www.egcc.co.uk/company/egcc/audio/20250105_JohnWatson_ChildrenOfGod.mp3",
      "filename": "20250105_JohnWatson_ChildrenOfGod.mp3",
      "originalName": "20250105_JohnWatson_ChildrenOfGod.mp3",
      "size": 46234752,
      "duration": "44:34",
      "publishedAt": "2025-01-05T00:00:00.000Z",
      "category": "Talk",
      "series": null,
      "guid": "10213"
    },
    {
      "id": "10212",
      "title": "He came from the Glory!",
      "description": "By Peter Elks",
      "speaker": "Peter Elks",
      "speakerEmail": "johnawatson72@gmail.com",
      "audioUrl": "http://www.egcc.co.uk/company/egcc/audio/20241229_PeterElks.mp3",
      "filename": "20241229_PeterElks.mp3",
      "originalName": "20241229_PeterElks.mp3",
      "size": 37470208,
      "duration": "34:22",
      "publishedAt": "2024-12-29T00:00:00.000Z",
      "category": "Talk",
      "series": null,
      "guid": "10212"
    },
    {
      "id": "10211",
      "title": "Peace at Christmas",
      "description": "By Alan Robinson",
      "speaker": "Alan Robinson",
      "speakerEmail": "johnawatson72@gmail.com",
      "audioUrl": "http://www.egcc.co.uk/company/egcc/audio/20241222_Alan_robinson_Peace.mp3",
      "filename": "20241222_Alan_robinson_Peace.mp3",
      "originalName": "20241222_Alan_robinson_Peace.mp3",
      "size": 23065927,
      "duration": "21:12",
      "publishedAt": "2024-12-22T00:00:00.000Z",
      "category": "Talk",
      "series": null,
      "guid": "10211"
    },
    {
      "id": "10210",
      "title": "Love at Christmas",
      "description": "By Adam Bull",
      "speaker": "Adam Bull",
      "speakerEmail": "johnawatson72@gmail.com",
      "audioUrl": "http://www.egcc.co.uk/company/egcc/audio/20241215_Adam_Bull_Love.mp3",
      "filename": "20241215_Adam_Bull_Love.mp3",
      "originalName": "20241215_Adam_Bull_Love.mp3",
      "size": 49013368,
      "duration": "35:28",
      "publishedAt": "2024-12-15T00:00:00.000Z",
      "category": "Talk",
      "series": null,
      "guid": "10210"
    },
    {
      "id": "10209",
      "title": "Joy at Christmas",
      "description": "By Daniel Bull",
      "speaker": "Daniel Bull",
      "speakerEmail": "johnawatson72@gmail.com",
      "audioUrl": "http://www.egcc.co.uk/company/egcc/audio/20241208_Daniel_Bull_Joy.mp3",
      "filename": "20241208_Daniel_Bull_Joy.mp3",
      "originalName": "20241208_Daniel_Bull_Joy.mp3",
      "size": 27463680,
      "duration": "26:58",
      "publishedAt": "2024-12-08T00:00:00.000Z",
      "category": "Talk",
      "series": null,
      "guid": "10209"
    },
    {
      "id": "10208",
      "title": "Hope at Christmas",
      "description": "By John Watson",
      "speaker": "John Watson",
      "speakerEmail": "johnawatson72@gmail.com",
      "audioUrl": "http://www.egcc.co.uk/company/egcc/audio/20241201_John_Watson_Hope.mp3",
      "filename": "20241201_John_Watson_Hope.mp3",
      "originalName": "20241201_John_Watson_Hope.mp3",
      "size": 42591384,
      "duration": "31:44",
      "publishedAt": "2024-12-01T00:00:00.000Z",
      "category": "Talk",
      "series": null,
      "guid": "10208"
    },
    {
      "id": "10207",
      "title": "Encountering the Word",
      "description": "By Daniel Adeyemi",
      "speaker": "Daniel Adeyemi",
      "speakerEmail": "johnawatson72@gmail.com",
      "audioUrl": "http://www.egcc.co.uk/company/egcc/audio/20241124_DanAdeyemi_EncounterThe Word.mp3",
      "filename": "20241124_DanAdeyemi_EncounterThe Word.mp3",
      "originalName": "20241124_DanAdeyemi_EncounterThe Word.mp3",
      "size": 46343404,
      "duration": "33:10",
      "publishedAt": "2024-11-24T00:00:00.000Z",
      "category": "Talk",
      "series": null,
      "guid": "10207"
    },
    {
      "id": "10206",
      "title": "Encounter: Jesus meets Zacchaeus",
      "description": "By Adam Bull",
      "speaker": "Adam Bull",
      "speakerEmail": "johnawatson72@gmail.com",
      "audioUrl": "http://www.egcc.co.uk/company/egcc/audio/20241117_AdamBull_EncounterZachaues.mp3",
      "filename": "20241117_AdamBull_EncounterZachaues.mp3",
      "originalName": "20241117_AdamBull_EncounterZachaues.mp3",
      "size": 46468734,
      "duration": "32:16",
      "publishedAt": "2024-11-17T00:00:00.000Z",
      "category": "Talk",
      "series": null,
      "guid": "10206"
    },
    {
      "id": "10205",
      "title": "Church Unboxed - Membership",
      "description": "By Various Speakers",
      "speaker": "Various Speakers",
      "speakerEmail": "johnawatson72@gmail.com",
      "audioUrl": "http://www.egcc.co.uk/company/egcc/audio/20241102_Various_ChurchUnboxed_Membership.mp3",
      "filename": "20241102_Various_ChurchUnboxed_Membership.mp3",
      "originalName": "20241102_Various_ChurchUnboxed_Membership.mp3",
      "size": 89884260,
      "duration": "1:04:24",
      "publishedAt": "2024-11-03T00:00:00.000Z",
      "category": "Talk",
      "series": null,
      "guid": "10205"
    },
    {
      "id": "10204",
      "title": "Encounter: Growing our faith",
      "description": "By John Watson",
      "speaker": "John Watson",
      "speakerEmail": "johnawatson72@gmail.com",
      "audioUrl": "http://www.egcc.co.uk/company/egcc/audio/20241027_JohnWatson_GrowingFaith.mp3",
      "filename": "20241027_JohnWatson_GrowingFaith.mp3",
      "originalName": "20241027_JohnWatson_GrowingFaith.mp3",
      "size": 41691420,
      "duration": "28:57",
      "publishedAt": "2024-10-27T00:00:00.000Z",
      "category": "Talk",
      "series": null,
      "guid": "10204"
    },
    {
      "id": "10203",
      "title": "Encountering the Godhead",
      "description": "By Adam Bull",
      "speaker": "Adam Bull",
      "speakerEmail": "johnawatson72@gmail.com",
      "audioUrl": "http://www.egcc.co.uk/company/egcc/audio/20241020_AdamBull_EncounteringTheGodHead.mp3",
      "filename": "20241020_AdamBull_EncounteringTheGodHead.mp3",
      "originalName": "20241020_AdamBull_EncounteringTheGodHead.mp3",
      "size": 43966640,
      "duration": "30:32",
      "publishedAt": "2024-10-20T00:00:00.000Z",
      "category": "Talk",
      "series": null,
      "guid": "10203"
    },
    {
      "id": "10202",
      "title": "Encounter: Jesus and the woman caught in adultery",
      "description": "By Daniel Bull",
      "speaker": "Daniel Bull",
      "speakerEmail": "johnawatson72@gmail.com",
      "audioUrl": "http://www.egcc.co.uk/company/egcc/audio/20241013_DanielBull_EncounterAccused.mp3",
      "filename": "20241013_DanielBull_EncounterAccused.mp3",
      "originalName": "20241013_DanielBull_EncounterAccused.mp3",
      "size": 55884080,
      "duration": "38:48",
      "publishedAt": "2024-10-13T00:00:00.000Z",
      "category": "Talk",
      "series": null,
      "guid": "10202"
    },
    {
      "id": "10201",
      "title": "Encounter vs Experience | Encounter through the Word",
      "description": "By John Watson",
      "speaker": "John Watson",
      "speakerEmail": "johnawatson72@gmail.com",
      "audioUrl": "http://www.egcc.co.uk/company/egcc/audio/20241006_JohnWatson_EncounterVsExperience.mp3",
      "filename": "20241006_JohnWatson_EncounterVsExperience.mp3",
      "originalName": "20241006_JohnWatson_EncounterVsExperience.mp3",
      "size": 52320096,
      "duration": "36:20",
      "publishedAt": "2024-10-06T00:00:00.000Z",
      "category": "Talk",
      "series": null,
      "guid": "10201"
    },
    {
      "id": "10200",
      "title": "Encountering Jesus in the Everyday",
      "description": "By Adam Bull",
      "speaker": "Adam Bull",
      "speakerEmail": "johnawatson72@gmail.com",
      "audioUrl": "http://www.egcc.co.uk/company/egcc/audio/20240929_AdamBull_EncounteringJesusInTheEveryday.mp3",
      "filename": "20240929_AdamBull_EncounteringJesusInTheEveryday.mp3",
      "originalName": "20240929_AdamBull_EncounteringJesusInTheEveryday.mp3",
      "size": 40758896,
      "duration": "28:18",
      "publishedAt": "2024-09-29T00:00:00.000Z",
      "category": "Talk",
      "series": null,
      "guid": "10200"
    },
    {
      "id": "10198",
      "title": "Acts 2 - Gods Sovereign Plan Revealed",
      "description": "By John Watson",
      "speaker": "John Watson",
      "speakerEmail": "johnawatson72@gmail.com",
      "audioUrl": "http://www.egcc.co.uk/company/egcc/audio/20220212_JohnWatson_Acts2GodsSovereignPlanRevealed.mp3",
      "filename": "20220212_JohnWatson_Acts2GodsSovereignPlanRevealed.mp3",
      "originalName": "20220212_JohnWatson_Acts2GodsSovereignPlanRevealed.mp3",
      "size": 32833996,
      "duration": "34:11",
      "publishedAt": "2023-02-12T00:00:00.000Z",
      "category": "Talk",
      "series": null,
      "guid": "10198"
    },
    {
      "id": "10197",
      "title": "Acts 1 - Doing things God's way",
      "description": "By Daniel Bull",
      "speaker": "Daniel Bull",
      "speakerEmail": "johnawatson72@gmail.com",
      "audioUrl": "http://www.egcc.co.uk/company/egcc/audio/20230205_danielBull_Acts1.mp3",
      "filename": "20230205_danielBull_Acts1.mp3",
      "originalName": "20230205_danielBull_Acts1.mp3",
      "size": 39657739,
      "duration": "41:18",
      "publishedAt": "2023-02-05T00:00:00.000Z",
      "category": "Talk",
      "series": null,
      "guid": "10197"
    },
    {
      "id": "10196",
      "title": "Getting to know you",
      "description": "By Various Speakers",
      "speaker": "Various Speakers",
      "speakerEmail": "johnawatson72@gmail.com",
      "audioUrl": "http://www.egcc.co.uk/company/egcc/audio/20230129_Various_GettingToKnowYou.mp3",
      "filename": "20230129_Various_GettingToKnowYou.mp3",
      "originalName": "20230129_Various_GettingToKnowYou.mp3",
      "size": 60541890,
      "duration": "1:03:03",
      "publishedAt": "2023-01-29T00:00:00.000Z",
      "category": "Talk",
      "series": null,
      "guid": "10196"
    },
    {
      "id": "10195",
      "title": "A vision for the Holiness of God",
      "description": "By John Watson",
      "speaker": "John Watson",
      "speakerEmail": "johnawatson72@gmail.com",
      "audioUrl": "http://www.egcc.co.uk/company/egcc/audio/20230122_JohnWatson_AVisionForTheHolinessOfGod.mp3",
      "filename": "20230122_JohnWatson_AVisionForTheHolinessOfGod.mp3",
      "originalName": "20230122_JohnWatson_AVisionForTheHolinessOfGod.mp3",
      "size": 37246786,
      "duration": "38:47",
      "publishedAt": "2023-01-22T00:00:00.000Z",
      "category": "Talk",
      "series": null,
      "guid": "10195"
    },
    {
      "id": "10194",
      "title": "Building on truth",
      "description": "By Daniel Bull",
      "speaker": "Daniel Bull",
      "speakerEmail": "johnawatson72@gmail.com",
      "audioUrl": "http://www.egcc.co.uk/company/egcc/audio/20221501_DanielBull_BuildingOnTruth.mp3",
      "filename": "20221501_DanielBull_BuildingOnTruth.mp3",
      "originalName": "20221501_DanielBull_BuildingOnTruth.mp3",
      "size": 39632076,
      "duration": "41:16",
      "publishedAt": "2023-01-15T00:00:00.000Z",
      "category": "Talk",
      "series": null,
      "guid": "10194"
    },
    {
      "id": "10193",
      "title": "A vision for the reality of God",
      "description": "By John Watson",
      "speaker": "John Watson",
      "speakerEmail": "johnawatson72@gmail.com",
      "audioUrl": "http://www.egcc.co.uk/company/egcc/audio/080123_JohnWatson_VisionforTheRealityOfGod.mp3",
      "filename": "080123_JohnWatson_VisionforTheRealityOfGod.mp3",
      "originalName": "080123_JohnWatson_VisionforTheRealityOfGod.mp3",
      "size": 40201374,
      "duration": "41:52",
      "publishedAt": "2023-01-08T00:00:00.000Z",
      "category": "Talk",
      "series": null,
      "guid": "10193"
    },
    {
      "id": "10192",
      "title": "Contentment",
      "description": "By Alan Robinson",
      "speaker": "Alan Robinson",
      "speakerEmail": "johnawatson72@gmail.com",
      "audioUrl": "http://www.egcc.co.uk/company/egcc/audio/010123_AlanRobinson_contentment.mp3",
      "filename": "010123_AlanRobinson_contentment.mp3",
      "originalName": "010123_AlanRobinson_contentment.mp3",
      "size": 23632616,
      "duration": "24:36",
      "publishedAt": "2023-01-01T00:00:00.000Z",
      "category": "Talk",
      "series": null,
      "guid": "10192"
    },
    {
      "id": "10191",
      "title": "Fire of the Holy Spirit",
      "description": "By John Watson",
      "speaker": "John Watson",
      "speakerEmail": "johnawatson72@gmail.com",
      "audioUrl": "http://www.egcc.co.uk/company/egcc/audio/111222_JohnWatson_FireOfTheHolySpirit.mp3",
      "filename": "111222_JohnWatson_FireOfTheHolySpirit.mp3",
      "originalName": "111222_JohnWatson_FireOfTheHolySpirit.mp3",
      "size": 31404320,
      "duration": "32:42",
      "publishedAt": "2022-12-11T00:00:00.000Z",
      "category": "Talk",
      "series": null,
      "guid": "10191"
    },
    {
      "id": "10190",
      "title": "Guard the unity",
      "description": "By John Watson",
      "speaker": "John Watson",
      "speakerEmail": "johnawatson72@gmail.com",
      "audioUrl": "http://www.egcc.co.uk/company/egcc/audio/20221106_JohnWatson_GuardTheUnity.mp3",
      "filename": "20221106_JohnWatson_GuardTheUnity.mp3",
      "originalName": "20221106_JohnWatson_GuardTheUnity.mp3",
      "size": 39729458,
      "duration": "41:22",
      "publishedAt": "2022-11-06T00:00:00.000Z",
      "category": "Talk",
      "series": null,
      "guid": "10190"
    },
    {
      "id": "10189",
      "title": "God will make a way / 5 fold ministry",
      "description": "By Various Speakers",
      "speaker": "Various Speakers",
      "speakerEmail": "johnawatson72@gmail.com",
      "audioUrl": "http://www.egcc.co.uk/company/egcc/audio/20221030_Various.mp3",
      "filename": "20221030_Various.mp3",
      "originalName": "20221030_Various.mp3",
      "size": 35302982,
      "duration": "36:45",
      "publishedAt": "2022-10-30T00:00:00.000Z",
      "category": "Talk",
      "series": null,
      "guid": "10189"
    },
    {
      "id": "10188",
      "title": "Sit walk stand",
      "description": "By John Watson",
      "speaker": "John Watson",
      "speakerEmail": "johnawatson72@gmail.com",
      "audioUrl": "http://www.egcc.co.uk/company/egcc/audio/20221023_JohnWatson_SitWalkStand.mp3",
      "filename": "20221023_JohnWatson_SitWalkStand.mp3",
      "originalName": "20221023_JohnWatson_SitWalkStand.mp3",
      "size": 38133855,
      "duration": "39:42",
      "publishedAt": "2022-10-23T00:00:00.000Z",
      "category": "Talk",
      "series": null,
      "guid": "10188"
    },
    {
      "id": "10186",
      "title": "Prayer of purpose",
      "description": "By Daniel Bull",
      "speaker": "Daniel Bull",
      "speakerEmail": "johnawatson72@gmail.com",
      "audioUrl": "http://www.egcc.co.uk/company/egcc/audio/20221016_DanielBull_PrayerofPurpose.mp3",
      "filename": "20221016_DanielBull_PrayerofPurpose.mp3",
      "originalName": "20221016_DanielBull_PrayerofPurpose.mp3",
      "size": 36028538,
      "duration": "37:31",
      "publishedAt": "2022-10-17T00:00:00.000Z",
      "category": "Talk",
      "series": null,
      "guid": "10186"
    },
    {
      "id": "10187",
      "title": "Update from Pastor Piyal from Kolkata, India",
      "description": "By Various Speakers",
      "speaker": "Various Speakers",
      "speakerEmail": "johnawatson72@gmail.com",
      "audioUrl": "http://www.egcc.co.uk/company/egcc/audio/20221009_PastorPiyal.mp3",
      "filename": "20221009_PastorPiyal.mp3",
      "originalName": "20221009_PastorPiyal.mp3",
      "size": 28190604,
      "duration": "29:21",
      "publishedAt": "2022-10-09T00:00:00.000Z",
      "category": "Talk",
      "series": null,
      "guid": "10187"
    },
    {
      "id": "10185",
      "title": "Heart driven faith",
      "description": "By John Watson",
      "speaker": "John Watson",
      "speakerEmail": "johnawatson72@gmail.com",
      "audioUrl": "http://www.egcc.co.uk/company/egcc/audio/20221002_JohnWatson_HeartDrivenFaith.mp3",
      "filename": "20221002_JohnWatson_HeartDrivenFaith.mp3",
      "originalName": "20221002_JohnWatson_HeartDrivenFaith.mp3",
      "size": 39186020,
      "duration": "40:49",
      "publishedAt": "2022-10-02T00:00:00.000Z",
      "category": "Talk",
      "series": null,
      "guid": "10185"
    },
    {
      "id": "10184",
      "title": "The helpless, the helpers and the hecklers meet the healer",
      "description": "By John Watson",
      "speaker": "John Watson",
      "speakerEmail": "johnawatson72@gmail.com",
      "audioUrl": "http://www.egcc.co.uk/company/egcc/audio/20220918_JohnWatson_HelplessHelpersHecklersHealer.mp3",
      "filename": "20220918_JohnWatson_HelplessHelpersHecklersHealer.mp3",
      "originalName": "20220918_JohnWatson_HelplessHelpersHecklersHealer.mp3",
      "size": 33433687,
      "duration": "34:49",
      "publishedAt": "2022-09-18T00:00:00.000Z",
      "category": "Talk",
      "series": null,
      "guid": "10184"
    },
    {
      "id": "10183",
      "title": "Reflections from sabbatical",
      "description": "By Daniel Bull",
      "speaker": "Daniel Bull",
      "speakerEmail": "johnawatson72@gmail.com",
      "audioUrl": "http://www.egcc.co.uk/company/egcc/audio/20220911_ReflectionsFromSabbatical.mp3",
      "filename": "20220911_ReflectionsFromSabbatical.mp3",
      "originalName": "20220911_ReflectionsFromSabbatical.mp3",
      "size": 55656128,
      "duration": "57:58",
      "publishedAt": "2022-09-11T00:00:00.000Z",
      "category": "Talk",
      "series": null,
      "guid": "10183"
    },
    {
      "id": "10182",
      "title": "Devoted to prayer and the word",
      "description": "By John Watson",
      "speaker": "John Watson",
      "speakerEmail": "johnawatson72@gmail.com",
      "audioUrl": "http://www.egcc.co.uk/company/egcc/audio/20220821_JohnWatson_DevotedToWordAndPrayer.mp3",
      "filename": "20220821_JohnWatson_DevotedToWordAndPrayer.mp3",
      "originalName": "20220821_JohnWatson_DevotedToWordAndPrayer.mp3",
      "size": 33085107,
      "duration": "34:27",
      "publishedAt": "2022-08-21T00:00:00.000Z",
      "category": "Talk",
      "series": null,
      "guid": "10182"
    },
    {
      "id": "10180",
      "title": "Christ our defender",
      "description": "By John Watson",
      "speaker": "John Watson",
      "speakerEmail": "johnawatson72@gmail.com",
      "audioUrl": "http://www.egcc.co.uk/company/egcc/audio/20220814_JohnWatson_ChristOurDefender.mp3",
      "filename": "20220814_JohnWatson_ChristOurDefender.mp3",
      "originalName": "20220814_JohnWatson_ChristOurDefender.mp3",
      "size": 24024551,
      "duration": "25:01",
      "publishedAt": "2022-08-14T00:00:00.000Z",
      "category": "Talk",
      "series": null,
      "guid": "10180"
    },
    {
      "id": "10181",
      "title": "Enter the promised land",
      "description": "By Adam Bull",
      "speaker": "Adam Bull",
      "speakerEmail": "johnawatson72@gmail.com",
      "audioUrl": "http://www.egcc.co.uk/company/egcc/audio/20220807_AdamBull_EnterThePromisedLand.mp3",
      "filename": "20220807_AdamBull_EnterThePromisedLand.mp3",
      "originalName": "20220807_AdamBull_EnterThePromisedLand.mp3",
      "size": 51133419,
      "duration": "53:15",
      "publishedAt": "2022-08-07T00:00:00.000Z",
      "category": "Talk",
      "series": null,
      "guid": "10181"
    },
    {
      "id": "10179",
      "title": "Hospitality",
      "description": "By Trish Murphy",
      "speaker": "Trish Murphy",
      "speakerEmail": "johnawatson72@gmail.com",
      "audioUrl": "http://www.egcc.co.uk/company/egcc/audio/20220731_Hospitality_TrishMurphy.mp3",
      "filename": "20220731_Hospitality_TrishMurphy.mp3",
      "originalName": "20220731_Hospitality_TrishMurphy.mp3",
      "size": 42286033,
      "duration": "44:02",
      "publishedAt": "2022-07-31T00:00:00.000Z",
      "category": "Talk",
      "series": null,
      "guid": "10179"
    },
    {
      "id": "10177",
      "title": "Liberation from the land of 'Er' - Contentment",
      "description": "By John Watson",
      "speaker": "John Watson",
      "speakerEmail": "johnawatson72@gmail.com",
      "audioUrl": "http://www.egcc.co.uk/company/egcc/audio/20220717_JohnWatson_LandOfEr.mp3",
      "filename": "20220717_JohnWatson_LandOfEr.mp3",
      "originalName": "20220717_JohnWatson_LandOfEr.mp3",
      "size": 39692679,
      "duration": "41:20",
      "publishedAt": "2022-07-17T00:00:00.000Z",
      "category": "Talk",
      "series": null,
      "guid": "10177"
    },
    {
      "id": "10176",
      "title": "I am a new creation",
      "description": "By Terry Watson",
      "speaker": "Terry Watson",
      "speakerEmail": "johnawatson72@gmail.com",
      "audioUrl": "http://www.egcc.co.uk/company/egcc/audio/20220710_TerryWatson_NewCreation.mp3",
      "filename": "20220710_TerryWatson_NewCreation.mp3",
      "originalName": "20220710_TerryWatson_NewCreation.mp3",
      "size": 46543861,
      "duration": "48:28",
      "publishedAt": "2022-07-10T00:00:00.000Z",
      "category": "Talk",
      "series": null,
      "guid": "10176"
    },
    {
      "id": "10175",
      "title": "Establishing the plan of God",
      "description": "By John Watson",
      "speaker": "John Watson",
      "speakerEmail": "johnawatson72@gmail.com",
      "audioUrl": "http://www.egcc.co.uk/company/egcc/audio/20220703_JohnWatson_EstablishingThePlanOfGod.mp3",
      "filename": "20220703_JohnWatson_EstablishingThePlanOfGod.mp3",
      "originalName": "20220703_JohnWatson_EstablishingThePlanOfGod.mp3",
      "size": 51367663,
      "duration": "35:40",
      "publishedAt": "2022-07-03T00:00:00.000Z",
      "category": "Talk",
      "series": null,
      "guid": "10175"
    },
    {
      "id": "10174",
      "title": "Hunger to serve",
      "description": "By Abi Pike",
      "speaker": "Abi Pike",
      "speakerEmail": "johnawatson72@gmail.com",
      "audioUrl": "http://www.egcc.co.uk/company/egcc/audio/20220626_AbiPike_HungerToServe.mp3",
      "filename": "20220626_AbiPike_HungerToServe.mp3",
      "originalName": "20220626_AbiPike_HungerToServe.mp3",
      "size": 55162927,
      "duration": "38:18",
      "publishedAt": "2022-06-26T00:00:00.000Z",
      "category": "Talk",
      "series": null,
      "guid": "10174"
    },
    {
      "id": "10173",
      "title": "The Sabbath Rest",
      "description": "By Daniel Bull",
      "speaker": "Daniel Bull",
      "speakerEmail": "johnawatson72@gmail.com",
      "audioUrl": "http://www.egcc.co.uk/company/egcc/audio/20220612_danielBull_Sabbath.mp3",
      "filename": "20220612_danielBull_Sabbath.mp3",
      "originalName": "20220612_danielBull_Sabbath.mp3",
      "size": 69901615,
      "duration": "48:32",
      "publishedAt": "2022-06-12T00:00:00.000Z",
      "category": "Talk",
      "series": null,
      "guid": "10173"
    },
    {
      "id": "10172",
      "title": "Easter Sunday",
      "description": "By Daniel Bull",
      "speaker": "Daniel Bull",
      "speakerEmail": "johnawatson72@gmail.com",
      "audioUrl": "http://www.egcc.co.uk/company/egcc/audio/20210404_EasterSunday_DanielBull.mp3",
      "filename": "20210404_EasterSunday_DanielBull.mp3",
      "originalName": "20210404_EasterSunday_DanielBull.mp3",
      "size": 35943982,
      "duration": "37:26",
      "publishedAt": "2021-04-04T00:00:00.000Z",
      "category": "Talk",
      "series": null,
      "guid": "10172"
    },
    {
      "id": "10171",
      "title": "The Suffering God",
      "description": "By John Watson",
      "speaker": "John Watson",
      "speakerEmail": "johnawatson72@gmail.com",
      "audioUrl": "http://www.egcc.co.uk/company/egcc/audio/20210402_GoodFriday_SufferingGod_JohnWatson.mp3",
      "filename": "20210402_GoodFriday_SufferingGod_JohnWatson.mp3",
      "originalName": "20210402_GoodFriday_SufferingGod_JohnWatson.mp3",
      "size": 35682932,
      "duration": "37:10",
      "publishedAt": "2021-04-02T00:00:00.000Z",
      "category": "Talk",
      "series": null,
      "guid": "10171"
    },
    {
      "id": "10170",
      "title": "What would they see in you?",
      "description": "By Naomi Collins",
      "speaker": "Naomi Collins",
      "speakerEmail": "johnawatson72@gmail.com",
      "audioUrl": "http://www.egcc.co.uk/company/egcc/audio/2021_03_28_NaomiCollins.mp3",
      "filename": "2021_03_28_NaomiCollins.mp3",
      "originalName": "2021_03_28_NaomiCollins.mp3",
      "size": 26675849,
      "duration": "27:47",
      "publishedAt": "2021-03-28T00:00:00.000Z",
      "category": "Talk",
      "series": null,
      "guid": "10170"
    },
    {
      "id": "10169",
      "title": "Firewall fight for your faith",
      "description": "By Drew Lyddon",
      "speaker": "Drew Lyddon",
      "speakerEmail": "johnawatson72@gmail.com",
      "audioUrl": "http://www.egcc.co.uk/company/egcc/audio/2021_03_21-DrewLyddon.mp3",
      "filename": "2021_03_21-DrewLyddon.mp3",
      "originalName": "2021_03_21-DrewLyddon.mp3",
      "size": 39885186,
      "duration": "41:32",
      "publishedAt": "2021-03-21T00:00:00.000Z",
      "category": "Talk",
      "series": null,
      "guid": "10169"
    },
    {
      "id": "10168",
      "title": "Gods heart for women",
      "description": "By Daniel Bull",
      "speaker": "Daniel Bull",
      "speakerEmail": "johnawatson72@gmail.com",
      "audioUrl": "http://www.egcc.co.uk/company/egcc/audio/2021_03_14-Godsheartforwomen.mp3",
      "filename": "2021_03_14-Godsheartforwomen.mp3",
      "originalName": "2021_03_14-Godsheartforwomen.mp3",
      "size": 41550704,
      "duration": "43:17",
      "publishedAt": "2021-03-14T00:00:00.000Z",
      "category": "Talk",
      "series": null,
      "guid": "10168"
    },
    {
      "id": "10167",
      "title": "The ministry of Jesus",
      "description": "By John Watson",
      "speaker": "John Watson",
      "speakerEmail": "johnawatson72@gmail.com",
      "audioUrl": "http://www.egcc.co.uk/company/egcc/audio/2021_03_07-TheministryofJesus.mp3",
      "filename": "2021_03_07-TheministryofJesus.mp3",
      "originalName": "2021_03_07-TheministryofJesus.mp3",
      "size": 38096276,
      "duration": "39:41",
      "publishedAt": "2021-03-07T00:00:00.000Z",
      "category": "Talk",
      "series": null,
      "guid": "10167"
    },
    {
      "id": "10166",
      "title": "Various messages",
      "description": "From Abi and Daniel",
      "speaker": "Various Speakers",
      "speakerEmail": "johnawatson72@gmail.com",
      "audioUrl": "http://www.egcc.co.uk/company/egcc/audio/2021_03_14-AbiAndDaniel.mp3",
      "filename": "2021_03_14-AbiAndDaniel.mp3",
      "originalName": "2021_03_14-AbiAndDaniel.mp3",
      "size": 41587769,
      "duration": "43:19",
      "publishedAt": "2021-02-28T00:00:00.000Z",
      "category": "Talk",
      "series": null,
      "guid": "10166"
    },
    {
      "id": "10165",
      "title": "Higher love",
      "description": "By John Watson",
      "speaker": "John Watson",
      "speakerEmail": "johnawatson72@gmail.com",
      "audioUrl": "http://www.egcc.co.uk/company/egcc/audio/2021_02_21-HigherLove.mp3",
      "filename": "2021_02_21-HigherLove.mp3",
      "originalName": "2021_02_21-HigherLove.mp3",
      "size": 40248393,
      "duration": "41:55",
      "publishedAt": "2021-02-21T00:00:00.000Z",
      "category": "Talk",
      "series": null,
      "guid": "10165"
    },
    {
      "id": "10164",
      "title": "The prodigal son",
      "description": "By Melvyn Nadoo",
      "speaker": "Melvyn Nadoo",
      "speakerEmail": "johnawatson72@gmail.com",
      "audioUrl": "http://www.egcc.co.uk/company/egcc/audio/2021_02_14-MelvynNadoo.mp3",
      "filename": "2021_02_14-MelvynNadoo.mp3",
      "originalName": "2021_02_14-MelvynNadoo.mp3",
      "size": 30337556,
      "duration": "31:36",
      "publishedAt": "2021-02-14T00:00:00.000Z",
      "category": "Talk",
      "series": null,
      "guid": "10164"
    },
    {
      "id": "10163",
      "title": "What is in your hand?",
      "description": "By Daniel Bull",
      "speaker": "Daniel Bull",
      "speakerEmail": "johnawatson72@gmail.com",
      "audioUrl": "http://www.egcc.co.uk/company/egcc/audio/2021_02_07-DanielBull_Whatisinyourhand.mp3",
      "filename": "2021_02_07-DanielBull_Whatisinyourhand.mp3",
      "originalName": "2021_02_07-DanielBull_Whatisinyourhand.mp3",
      "size": 33363270,
      "duration": "34:45",
      "publishedAt": "2021-02-07T00:00:00.000Z",
      "category": "Talk",
      "series": null,
      "guid": "10163"
    },
    {
      "id": "10160",
      "title": "The mark of the Lamb",
      "description": "By John Watson",
      "speaker": "John Watson",
      "speakerEmail": "johnawatson72@gmail.com",
      "audioUrl": "http://www.egcc.co.uk/company/egcc/audio/20210131_JohnWatson_MarkoftheLamb.mp3",
      "filename": "20210131_JohnWatson_MarkoftheLamb.mp3",
      "originalName": "20210131_JohnWatson_MarkoftheLamb.mp3",
      "size": 44234078,
      "duration": "46:03",
      "publishedAt": "2021-01-31T00:00:00.000Z",
      "category": "Talk",
      "series": null,
      "guid": "10160"
    },
    {
      "id": "10159",
      "title": "Awe of God / Divine Encounter with Grace",
      "description": "With an encouragement from Naomi Collins",
      "speaker": "Daniel Bull",
      "speakerEmail": "johnawatson72@gmail.com",
      "audioUrl": "http://www.egcc.co.uk/company/egcc/audio/20210124_AweOfGod_DivineEncounterWithGrace.mp3",
      "filename": "20210124_AweOfGod_DivineEncounterWithGrace.mp3",
      "originalName": "20210124_AweOfGod_DivineEncounterWithGrace.mp3",
      "size": 41012335,
      "duration": "42:42",
      "publishedAt": "2021-01-24T00:00:00.000Z",
      "category": "Talk",
      "series": null,
      "guid": "10159"
    },
    {
      "id": "10162",
      "title": "Bear one anothers burdens",
      "description": "By John Watson",
      "speaker": "John Watson",
      "speakerEmail": "johnawatson72@gmail.com",
      "audioUrl": "http://www.egcc.co.uk/company/egcc/audio/20210117_JohnWatson_BearOneAnothersBurdens.mp3",
      "filename": "20210117_JohnWatson_BearOneAnothersBurdens.mp3",
      "originalName": "20210117_JohnWatson_BearOneAnothersBurdens.mp3",
      "size": 34139651,
      "duration": "35:33",
      "publishedAt": "2021-01-17T00:00:00.000Z",
      "category": "Talk",
      "series": null,
      "guid": "10162"
    },
    {
      "id": "10158",
      "title": "Be prepared: Hospitality",
      "description": "By John Watson",
      "speaker": "John Watson",
      "speakerEmail": "johnawatson72@gmail.com",
      "audioUrl": "http://www.egcc.co.uk/company/egcc/audio/20210103_JohnWatson_Hospitality.mp3",
      "filename": "20210103_JohnWatson_Hospitality.mp3",
      "originalName": "20210103_JohnWatson_Hospitality.mp3",
      "size": 40886982,
      "duration": "42:34",
      "publishedAt": "2021-01-03T00:00:00.000Z",
      "category": "Talk",
      "series": null,
      "guid": "10158"
    },
    {
      "id": "10157",
      "title": "God is building his church (with testimonies)",
      "description": "By John Watson",
      "speaker": "John Watson",
      "speakerEmail": "johnawatson72@gmail.com",
      "audioUrl": "http://www.egcc.co.uk/company/egcc/audio/20201227_JW_DB_MC_AE.mp3",
      "filename": "20201227_JW_DB_MC_AE.mp3",
      "originalName": "20201227_JW_DB_MC_AE.mp3",
      "size": 40300451,
      "duration": "41:58",
      "publishedAt": "2020-12-27T00:00:00.000Z",
      "category": "Talk",
      "series": null,
      "guid": "10157"
    },
    {
      "id": "10161",
      "title": "God's Favour",
      "description": "By John Watson",
      "speaker": "John Watson",
      "speakerEmail": "johnawatson72@gmail.com",
      "audioUrl": "http://www.egcc.co.uk/company/egcc/audio/20201220_JohnWatson_GodsFavour.mp3",
      "filename": "20201220_JohnWatson_GodsFavour.mp3",
      "originalName": "20201220_JohnWatson_GodsFavour.mp3",
      "size": 33760970,
      "duration": "35:09",
      "publishedAt": "2020-12-20T00:00:00.000Z",
      "category": "Talk",
      "series": null,
      "guid": "10161"
    },
    {
      "id": "10156",
      "title": "God's plan for salvation",
      "description": "By Daniel Bull",
      "speaker": "Daniel Bull",
      "speakerEmail": "johnawatson72@gmail.com",
      "audioUrl": "http://www.egcc.co.uk/company/egcc/audio/20201213_DanielBull_Godsplanofsalvation.mp3",
      "filename": "20201213_DanielBull_Godsplanofsalvation.mp3",
      "originalName": "20201213_DanielBull_Godsplanofsalvation.mp3",
      "size": 30839167,
      "duration": "32:07",
      "publishedAt": "2020-12-13T00:00:00.000Z",
      "category": "Talk",
      "series": null,
      "guid": "10156"
    },
    {
      "id": "10155",
      "title": "The Word of God",
      "description": "By John Watson",
      "speaker": "John Watson",
      "speakerEmail": "johnawatson72@gmail.com",
      "audioUrl": "http://www.egcc.co.uk/company/egcc/audio/20201206_JohnWatson_TheWordofGod.mp3",
      "filename": "20201206_JohnWatson_TheWordofGod.mp3",
      "originalName": "20201206_JohnWatson_TheWordofGod.mp3",
      "size": 49803203,
      "duration": "46:49",
      "publishedAt": "2020-12-06T00:00:00.000Z",
      "category": "Talk",
      "series": null,
      "guid": "10155"
    },
    {
      "id": "10142",
      "title": "How to be saved",
      "description": "By Drew Lyddon",
      "speaker": "Drew Lyddon",
      "speakerEmail": "johnawatson72@gmail.com",
      "audioUrl": "http://www.egcc.co.uk/company/egcc/audio/20200823_DrewLyddon_HowToBeSaved.mp3",
      "filename": "20200823_DrewLyddon_HowToBeSaved.mp3",
      "originalName": "20200823_DrewLyddon_HowToBeSaved.mp3",
      "size": 32101217,
      "duration": "1:16:25",
      "publishedAt": "2020-11-30T00:00:00.000Z",
      "category": "Talk",
      "series": null,
      "guid": "10142"
    },
    {
      "id": "10154",
      "title": "Testimonies",
      "description": "By Various Speakers",
      "speaker": "Various Speakers",
      "speakerEmail": "johnawatson72@gmail.com",
      "audioUrl": "http://www.egcc.co.uk/company/egcc/audio/20201129_Testimonies.mp3",
      "filename": "20201129_Testimonies.mp3",
      "originalName": "20201129_Testimonies.mp3",
      "size": 8646083,
      "duration": "24:00",
      "publishedAt": "2020-11-29T00:00:00.000Z",
      "category": "Talk",
      "series": null,
      "guid": "10154"
    },
    {
      "id": "10153",
      "title": "No compromise",
      "description": "By Adam Bull",
      "speaker": "Adam Bull",
      "speakerEmail": "johnawatson72@gmail.com",
      "audioUrl": "http://www.egcc.co.uk/company/egcc/audio/20201122_AdamBull_NoCompromise.mp3",
      "filename": "20201122_AdamBull_NoCompromise.mp3",
      "originalName": "20201122_AdamBull_NoCompromise.mp3",
      "size": 14215904,
      "duration": "39:28",
      "publishedAt": "2020-11-22T00:00:00.000Z",
      "category": "Talk",
      "series": null,
      "guid": "10153"
    },
    {
      "id": "10152",
      "title": "Compromise",
      "description": "By John Watson",
      "speaker": "John Watson",
      "speakerEmail": "johnawatson72@gmail.com",
      "audioUrl": "http://www.egcc.co.uk/company/egcc/audio/20201115_JohnWatson_Compromise.mp3",
      "filename": "20201115_JohnWatson_Compromise.mp3",
      "originalName": "20201115_JohnWatson_Compromise.mp3",
      "size": 34881193,
      "duration": "36:19",
      "publishedAt": "2020-11-15T00:00:00.000Z",
      "category": "Talk",
      "series": null,
      "guid": "10152"
    },
    {
      "id": "10151",
      "title": "The eternal plan",
      "description": "By Daniel Bull",
      "speaker": "Daniel Bull",
      "speakerEmail": "johnawatson72@gmail.com",
      "audioUrl": "http://www.egcc.co.uk/company/egcc/audio/20201108_DanielBull_TheEternalPlan.mp3",
      "filename": "20201108_DanielBull_TheEternalPlan.mp3",
      "originalName": "20201108_DanielBull_TheEternalPlan.mp3",
      "size": 55399222,
      "duration": "49:56",
      "publishedAt": "2020-11-08T00:00:00.000Z",
      "category": "Talk",
      "series": null,
      "guid": "10151"
    },
    {
      "id": "10150",
      "title": "Faith in God",
      "description": "By John Watson",
      "speaker": "John Watson",
      "speakerEmail": "johnawatson72@gmail.com",
      "audioUrl": "http://www.egcc.co.uk/company/egcc/audio/20201101_JohnWatson_FaithInGod.mp3",
      "filename": "20201101_JohnWatson_FaithInGod.mp3",
      "originalName": "20201101_JohnWatson_FaithInGod.mp3",
      "size": 41762146,
      "duration": "39:08",
      "publishedAt": "2020-11-01T00:00:00.000Z",
      "category": "Talk",
      "series": null,
      "guid": "10150"
    },
    {
      "id": "10149",
      "title": "Lordship of Christ",
      "description": "By Daniel Bull",
      "speaker": "Daniel Bull",
      "speakerEmail": "johnawatson72@gmail.com",
      "audioUrl": "http://www.egcc.co.uk/company/egcc/audio/20201025_DanielBull_LordshipOfChrist.mp3",
      "filename": "20201025_DanielBull_LordshipOfChrist.mp3",
      "originalName": "20201025_DanielBull_LordshipOfChrist.mp3",
      "size": 52925612,
      "duration": "47:33",
      "publishedAt": "2020-10-25T00:00:00.000Z",
      "category": "Talk",
      "series": null,
      "guid": "10149"
    },
    {
      "id": "10148",
      "title": "Expectation",
      "description": "By John Watson",
      "speaker": "John Watson",
      "speakerEmail": "johnawatson72@gmail.com",
      "audioUrl": "http://www.egcc.co.uk/company/egcc/audio/20201018_JohnWatson_Expectation.mp3",
      "filename": "20201018_JohnWatson_Expectation.mp3",
      "originalName": "20201018_JohnWatson_Expectation.mp3",
      "size": 2097152,
      "duration": "1:53",
      "publishedAt": "2020-10-18T00:00:00.000Z",
      "category": "Talk",
      "series": null,
      "guid": "10148"
    },
    {
      "id": "10147",
      "title": "Simplicity",
      "description": "By John Watson",
      "speaker": "John Watson",
      "speakerEmail": "johnawatson72@gmail.com",
      "audioUrl": "http://www.egcc.co.uk/company/egcc/audio/20201004_JohnWatson_Simplicity.mp3",
      "filename": "20201004_JohnWatson_Simplicity.mp3",
      "originalName": "20201004_JohnWatson_Simplicity.mp3",
      "size": 33840108,
      "duration": "30:23",
      "publishedAt": "2020-10-04T00:00:00.000Z",
      "category": "Talk",
      "series": null,
      "guid": "10147"
    },
    {
      "id": "10146",
      "title": "Intimacy with God",
      "description": "By Daniel Bull",
      "speaker": "Daniel Bull",
      "speakerEmail": "johnawatson72@gmail.com",
      "audioUrl": "http://www.egcc.co.uk/company/egcc/audio/20200927_DanielBull_IntimacyWithGod.mp3",
      "filename": "20200927_DanielBull_IntimacyWithGod.mp3",
      "originalName": "20200927_DanielBull_IntimacyWithGod.mp3",
      "size": 46837288,
      "duration": "41:56",
      "publishedAt": "2020-09-27T00:00:00.000Z",
      "category": "Talk",
      "series": null,
      "guid": "10146"
    },
    {
      "id": "10145",
      "title": "The way of the Cross",
      "description": "By John Watson",
      "speaker": "John Watson",
      "speakerEmail": "johnawatson72@gmail.com",
      "audioUrl": "http://www.egcc.co.uk/company/egcc/audio/20200920_JohnWatson_TheWayOfTheCross.mp3",
      "filename": "20200920_JohnWatson_TheWayOfTheCross.mp3",
      "originalName": "20200920_JohnWatson_TheWayOfTheCross.mp3",
      "size": 32699782,
      "duration": "30:25",
      "publishedAt": "2020-09-20T00:00:00.000Z",
      "category": "Talk",
      "series": null,
      "guid": "10145"
    },
    {
      "id": "10144",
      "title": "Prepared for victory",
      "description": "By Timo Chiciudean",
      "speaker": "Timo Chiciudean",
      "speakerEmail": "johnawatson72@gmail.com",
      "audioUrl": "http://www.egcc.co.uk/company/egcc/audio/20200913_TimoChiciudean_PreparedForVictory.mp3",
      "filename": "20200913_TimoChiciudean_PreparedForVictory.mp3",
      "originalName": "20200913_TimoChiciudean_PreparedForVictory.mp3",
      "size": 31822101,
      "duration": "29:09",
      "publishedAt": "2020-09-13T00:00:00.000Z",
      "category": "Talk",
      "series": null,
      "guid": "10144"
    },
    {
      "id": "10143",
      "title": "How to be saved",
      "description": "By Drew Lyddon",
      "speaker": "Drew Lyddon",
      "speakerEmail": "johnawatson72@gmail.com",
      "audioUrl": "http://www.egcc.co.uk/company/egcc/audio/20200823_DrewLyddon_HowToBeSaved.mp3",
      "filename": "20200823_DrewLyddon_HowToBeSaved.mp3",
      "originalName": "20200823_DrewLyddon_HowToBeSaved.mp3",
      "size": 32101217,
      "duration": "1:16:25",
      "publishedAt": "2020-08-23T00:00:00.000Z",
      "category": "Talk",
      "series": null,
      "guid": "10143"
    },
    {
      "id": "10141",
      "title": "Drawing closer to God",
      "description": "By Daniel Bull",
      "speaker": "Daniel Bull",
      "speakerEmail": "johnawatson72@gmail.com",
      "audioUrl": "http://www.egcc.co.uk/company/egcc/audio/20200816_danielBull_DrawingCloserToGod.mp3",
      "filename": "20200816_danielBull_DrawingCloserToGod.mp3",
      "originalName": "20200816_danielBull_DrawingCloserToGod.mp3",
      "size": 16766198,
      "duration": "39:54",
      "publishedAt": "2020-08-16T00:00:00.000Z",
      "category": "Talk",
      "series": null,
      "guid": "10141"
    },
    {
      "id": "10140",
      "title": "Called to be witnesses",
      "description": "By John Watson",
      "speaker": "John Watson",
      "speakerEmail": "johnawatson72@gmail.com",
      "audioUrl": "http://www.egcc.co.uk/company/egcc/audio/20200809_JohnWatson_CalledToBeWitnesses.mp3",
      "filename": "20200809_JohnWatson_CalledToBeWitnesses.mp3",
      "originalName": "20200809_JohnWatson_CalledToBeWitnesses.mp3",
      "size": 52238005,
      "duration": "36:16",
      "publishedAt": "2020-08-09T00:00:00.000Z",
      "category": "Talk",
      "series": null,
      "guid": "10140"
    },
    {
      "id": "10139",
      "title": "The revelation of Christ",
      "description": "By Tim Cross",
      "speaker": "Tim Cross",
      "speakerEmail": "johnawatson72@gmail.com",
      "audioUrl": "http://www.egcc.co.uk/company/egcc/audio/20200802_TimCross_RevelationOfChrist.mp3",
      "filename": "20200802_TimCross_RevelationOfChrist.mp3",
      "originalName": "20200802_TimCross_RevelationOfChrist.mp3",
      "size": 47920934,
      "duration": "33:16",
      "publishedAt": "2020-08-02T00:00:00.000Z",
      "category": "Talk",
      "series": null,
      "guid": "10139"
    },
    {
      "id": "10138",
      "title": "The power of God and the power of prayer",
      "description": "By Daniel Bull",
      "speaker": "Daniel Bull",
      "speakerEmail": "johnawatson72@gmail.com",
      "audioUrl": "http://www.egcc.co.uk/company/egcc/audio/20200719_DanielBull_PrayerAndPower.mp3",
      "filename": "20200719_DanielBull_PrayerAndPower.mp3",
      "originalName": "20200719_DanielBull_PrayerAndPower.mp3",
      "size": 31198249,
      "duration": "32:29",
      "publishedAt": "2020-07-19T00:00:00.000Z",
      "category": "Talk",
      "series": null,
      "guid": "10138"
    },
    {
      "id": "10137",
      "title": "What are we saved from?",
      "description": "By John Watson",
      "speaker": "John Watson",
      "speakerEmail": "johnawatson72@gmail.com",
      "audioUrl": "http://www.egcc.co.uk/company/egcc/audio/Whatarewesavedfrom.mp3",
      "filename": "Whatarewesavedfrom.mp3",
      "originalName": "Whatarewesavedfrom.mp3",
      "size": 31252472,
      "duration": "32:32",
      "publishedAt": "2020-07-12T00:00:00.000Z",
      "category": "Talk",
      "series": null,
      "guid": "10137"
    },
    {
      "id": "10136",
      "title": "The invitation into love",
      "description": "By John Watson",
      "speaker": "John Watson",
      "speakerEmail": "johnawatson72@gmail.com",
      "audioUrl": "http://www.egcc.co.uk/company/egcc/audio/Theinvitationintolove.mp3",
      "filename": "Theinvitationintolove.mp3",
      "originalName": "Theinvitationintolove.mp3",
      "size": 22687049,
      "duration": "23:37",
      "publishedAt": "2020-07-05T00:00:00.000Z",
      "category": "Talk",
      "series": null,
      "guid": "10136"
    },
    {
      "id": "10135",
      "title": "Loving Like Jesus",
      "description": "By Daniel Bull",
      "speaker": "Daniel Bull",
      "speakerEmail": "johnawatson72@gmail.com",
      "audioUrl": "http://www.egcc.co.uk/company/egcc/audio/LovingLikeJesus.mp3",
      "filename": "LovingLikeJesus.mp3",
      "originalName": "LovingLikeJesus.mp3",
      "size": 43348561,
      "duration": "45:09",
      "publishedAt": "2020-06-28T00:00:00.000Z",
      "category": "Talk",
      "series": null,
      "guid": "10135"
    },
    {
      "id": "10134",
      "title": "1 John 5:13-21",
      "description": "By John Watson",
      "speaker": "John Watson",
      "speakerEmail": "johnawatson72@gmail.com",
      "audioUrl": "http://www.egcc.co.uk/company/egcc/audio/1John513-21.mp3",
      "filename": "1John513-21.mp3",
      "originalName": "1John513-21.mp3",
      "size": 33627527,
      "duration": "35:01",
      "publishedAt": "2020-06-21T00:00:00.000Z",
      "category": "Talk",
      "series": null,
      "guid": "10134"
    },
    {
      "id": "10133",
      "title": "The Glory of God in a world on edge",
      "description": "By Alan Maxwell",
      "speaker": "Alan Maxwell",
      "speakerEmail": "johnawatson72@gmail.com",
      "audioUrl": "http://www.egcc.co.uk/company/egcc/audio/TheGloryofGodinaworldonedge.mp3",
      "filename": "TheGloryofGodinaworldonedge.mp3",
      "originalName": "TheGloryofGodinaworldonedge.mp3",
      "size": 48845474,
      "duration": "50:52",
      "publishedAt": "2020-06-14T00:00:00.000Z",
      "category": "Talk",
      "series": null,
      "guid": "10133"
    },
    {
      "id": "10132",
      "title": "Soul Searching",
      "description": "By John Watson",
      "speaker": "John Watson",
      "speakerEmail": "johnawatson72@gmail.com",
      "audioUrl": "http://www.egcc.co.uk/company/egcc/audio/SoulSearching.mp3",
      "filename": "SoulSearching.mp3",
      "originalName": "SoulSearching.mp3",
      "size": 26782052,
      "duration": "27:53",
      "publishedAt": "2020-06-07T00:00:00.000Z",
      "category": "Talk",
      "series": null,
      "guid": "10132"
    },
    {
      "id": "10131",
      "title": "Cast your nets",
      "description": "By Adam Bull",
      "speaker": "Adam Bull",
      "speakerEmail": "johnawatson72@gmail.com",
      "audioUrl": "http://www.egcc.co.uk/company/egcc/audio/Castyournets.mp3",
      "filename": "Castyournets.mp3",
      "originalName": "Castyournets.mp3",
      "size": 20391158,
      "duration": "21:14",
      "publishedAt": "2020-05-31T00:00:00.000Z",
      "category": "Talk",
      "series": null,
      "guid": "10131"
    },
    {
      "id": "10130",
      "title": "Rebuild Restore Renew",
      "description": "By John Watson",
      "speaker": "John Watson",
      "speakerEmail": "johnawatson72@gmail.com",
      "audioUrl": "http://www.egcc.co.uk/company/egcc/audio/RebuildRestoreRenew.mp3",
      "filename": "RebuildRestoreRenew.mp3",
      "originalName": "RebuildRestoreRenew.mp3",
      "size": 33013828,
      "duration": "34:23",
      "publishedAt": "2020-05-24T00:00:00.000Z",
      "category": "Talk",
      "series": null,
      "guid": "10130"
    },
    {
      "id": "10129",
      "title": "Sent in lockdown",
      "description": "By Daniel Bull",
      "speaker": "Daniel Bull",
      "speakerEmail": "johnawatson72@gmail.com",
      "audioUrl": "http://www.egcc.co.uk/company/egcc/audio/Sentinlockdown.mp3",
      "filename": "Sentinlockdown.mp3",
      "originalName": "Sentinlockdown.mp3",
      "size": 30169968,
      "duration": "31:25",
      "publishedAt": "2020-05-17T00:00:00.000Z",
      "category": "Talk",
      "series": null,
      "guid": "10129"
    },
    {
      "id": "10128",
      "title": "God of all comfort",
      "description": "By Janna Watson",
      "speaker": "Janna Watson",
      "speakerEmail": "johnawatson72@gmail.com",
      "audioUrl": "http://www.egcc.co.uk/company/egcc/audio/Godofallcomfort.mp3",
      "filename": "Godofallcomfort.mp3",
      "originalName": "Godofallcomfort.mp3",
      "size": 26273808,
      "duration": "27:21",
      "publishedAt": "2020-05-10T00:00:00.000Z",
      "category": "Talk",
      "series": null,
      "guid": "10128"
    },
    {
      "id": "10127",
      "title": "Searching for the one!",
      "description": "By John Watson",
      "speaker": "John Watson",
      "speakerEmail": "johnawatson72@gmail.com",
      "audioUrl": "http://www.egcc.co.uk/company/egcc/audio/Searchingfortheone!.mp3",
      "filename": "Searchingfortheone!.mp3",
      "originalName": "Searchingfortheone!.mp3",
      "size": 33205055,
      "duration": "34:35",
      "publishedAt": "2020-05-03T00:00:00.000Z",
      "category": "Talk",
      "series": null,
      "guid": "10127"
    },
    {
      "id": "10126",
      "title": "Ordinary people doing extraordinary things",
      "description": "By Jim Bailey",
      "speaker": "Jim Bailey",
      "speakerEmail": "johnawatson72@gmail.com",
      "audioUrl": "http://www.egcc.co.uk/company/egcc/audio/Ordinarypeopledoingextraordinarythings.mp3",
      "filename": "Ordinarypeopledoingextraordinarythings.mp3",
      "originalName": "Ordinarypeopledoingextraordinarythings.mp3",
      "size": 39371512,
      "duration": "41:00",
      "publishedAt": "2020-04-26T00:00:00.000Z",
      "category": "Talk",
      "series": null,
      "guid": "10126"
    },
    {
      "id": "10125",
      "title": "1 John 5:1-12",
      "description": "By Hannah Lyddon",
      "speaker": "Hannah Lyddon",
      "speakerEmail": "johnawatson72@gmail.com",
      "audioUrl": "http://www.egcc.co.uk/company/egcc/audio/1John51-12.mp3",
      "filename": "1John51-12.mp3",
      "originalName": "1John51-12.mp3",
      "size": 20864725,
      "duration": "21:43",
      "publishedAt": "2020-04-19T00:00:00.000Z",
      "category": "Talk",
      "series": null,
      "guid": "10125"
    },
    {
      "id": "10124",
      "title": "Easter Sunday",
      "description": "By John Watson",
      "speaker": "John Watson",
      "speakerEmail": "johnawatson72@gmail.com",
      "audioUrl": "http://www.egcc.co.uk/company/egcc/audio/EasterSundayCelebration.mp3",
      "filename": "EasterSundayCelebration.mp3",
      "originalName": "EasterSundayCelebration.mp3",
      "size": 17409294,
      "duration": "18:07",
      "publishedAt": "2020-04-12T00:00:00.000Z",
      "category": "Talk",
      "series": null,
      "guid": "10124"
    },
    {
      "id": "10123",
      "title": "Good Friday Message",
      "description": "By Daniel Bull",
      "speaker": "Daniel Bull",
      "speakerEmail": "johnawatson72@gmail.com",
      "audioUrl": "http://www.egcc.co.uk/company/egcc/audio/GoodFriday.mp3",
      "filename": "GoodFriday.mp3",
      "originalName": "GoodFriday.mp3",
      "size": 26695435,
      "duration": "27:48",
      "publishedAt": "2020-04-10T00:00:00.000Z",
      "category": "Talk",
      "series": null,
      "guid": "10123"
    },
    {
      "id": "10122",
      "title": "1 John 4:7-21",
      "description": "By Alan Robinson",
      "speaker": "Alan Robinson",
      "speakerEmail": "johnawatson72@gmail.com",
      "audioUrl": "http://www.egcc.co.uk/company/egcc/audio/1John47-21.mp3",
      "filename": "1John47-21.mp3",
      "originalName": "1John47-21.mp3",
      "size": 33321163,
      "duration": "34:42",
      "publishedAt": "2020-04-05T00:00:00.000Z",
      "category": "Talk",
      "series": null,
      "guid": "10122"
    },
    {
      "id": "10121",
      "title": "1 John 4:1-6",
      "description": "By Drew Lyddon",
      "speaker": "Drew Lyddon",
      "speakerEmail": "johnawatson72@gmail.com",
      "audioUrl": "http://www.egcc.co.uk/company/egcc/audio/20200329_DrewLyddon_1John4_1-6.mp3",
      "filename": "20200329_DrewLyddon_1John4_1-6.mp3",
      "originalName": "20200329_DrewLyddon_1John4_1-6.mp3",
      "size": 41369081,
      "duration": "21:26",
      "publishedAt": "2020-03-29T00:00:00.000Z",
      "category": "Talk",
      "series": null,
      "guid": "10121"
    },
    {
      "id": "10120",
      "title": "1 John 3:11-24",
      "description": "By Daniel Bull",
      "speaker": "Daniel Bull",
      "speakerEmail": "johnawatson72@gmail.com",
      "audioUrl": "http://www.egcc.co.uk/company/egcc/audio/20200322_DanielBull_1John3_11-24.mp3",
      "filename": "20200322_DanielBull_1John3_11-24.mp3",
      "originalName": "20200322_DanielBull_1John3_11-24.mp3",
      "size": 59068899,
      "duration": "41:01",
      "publishedAt": "2020-03-22T00:00:00.000Z",
      "category": "Talk",
      "series": null,
      "guid": "10120"
    },
    {
      "id": "10119",
      "title": "Mind the gap",
      "description": "By Jon Gray",
      "speaker": "Jon Gray",
      "speakerEmail": "johnawatson72@gmail.com",
      "audioUrl": "http://www.egcc.co.uk/company/egcc/audio/20200315_JonGray_MindTheGap.mp3",
      "filename": "20200315_JonGray_MindTheGap.mp3",
      "originalName": "20200315_JonGray_MindTheGap.mp3",
      "size": 57521304,
      "duration": "39:56",
      "publishedAt": "2020-03-15T00:00:00.000Z",
      "category": "Talk",
      "series": null,
      "guid": "10119"
    },
    {
      "id": "10118",
      "title": "1 John 2:28-3:10",
      "description": "By John Watson",
      "speaker": "John Watson",
      "speakerEmail": "johnawatson72@gmail.com",
      "audioUrl": "http://www.egcc.co.uk/company/egcc/audio/20200308_JohnWatson_LightLove_1John2-28-3-10.mp3",
      "filename": "20200308_JohnWatson_LightLove_1John2-28-3-10.mp3",
      "originalName": "20200308_JohnWatson_LightLove_1John2-28-3-10.mp3",
      "size": 54716198,
      "duration": "38:00",
      "publishedAt": "2020-03-08T00:00:00.000Z",
      "category": "Talk",
      "series": null,
      "guid": "10118"
    },
    {
      "id": "10117",
      "title": "1 John 2:15-27",
      "description": "By John Watson",
      "speaker": "John Watson",
      "speakerEmail": "johnawatson72@gmail.com",
      "audioUrl": "http://www.egcc.co.uk/company/egcc/audio/20200301_JohnWatson_1john215-27.mp3",
      "filename": "20200301_JohnWatson_1john215-27.mp3",
      "originalName": "20200301_JohnWatson_1john215-27.mp3",
      "size": 77651586,
      "duration": "53:55",
      "publishedAt": "2020-03-01T00:00:00.000Z",
      "category": "Talk",
      "series": null,
      "guid": "10117"
    },
    {
      "id": "10116",
      "title": "1 John 2:7-14",
      "description": "By Timo Chiciudean",
      "speaker": "Timo Chiciudean",
      "speakerEmail": "johnawatson72@gmail.com",
      "audioUrl": "http://www.egcc.co.uk/company/egcc/audio/20200223_TimoChiciudean_2-7-14.mp3",
      "filename": "20200223_TimoChiciudean_2-7-14.mp3",
      "originalName": "20200223_TimoChiciudean_2-7-14.mp3",
      "size": 63117744,
      "duration": "43:50",
      "publishedAt": "2020-02-23T00:00:00.000Z",
      "category": "Talk",
      "series": null,
      "guid": "10116"
    },
    {
      "id": "10115",
      "title": "1 John 2:1-6",
      "description": "By John Watson",
      "speaker": "John Watson",
      "speakerEmail": "johnawatson72@gmail.com",
      "audioUrl": "http://www.egcc.co.uk/company/egcc/audio/20200216_JohnWatson_Lightandlove_2-1-6.mp3",
      "filename": "20200216_JohnWatson_Lightandlove_2-1-6.mp3",
      "originalName": "20200216_JohnWatson_Lightandlove_2-1-6.mp3",
      "size": 75115034,
      "duration": "52:10",
      "publishedAt": "2020-02-16T00:00:00.000Z",
      "category": "Talk",
      "series": null,
      "guid": "10115"
    },
    {
      "id": "10114",
      "title": "Growing strong",
      "description": "By Daniel Bull",
      "speaker": "Daniel Bull",
      "speakerEmail": "johnawatson72@gmail.com",
      "audioUrl": "http://www.egcc.co.uk/company/egcc/audio/20200202_DanielBull.mp3",
      "filename": "20200202_DanielBull.mp3",
      "originalName": "20200202_DanielBull.mp3",
      "size": 46812322,
      "duration": "32:30",
      "publishedAt": "2020-02-02T00:00:00.000Z",
      "category": "Talk",
      "series": null,
      "guid": "10114"
    },
    {
      "id": "10113",
      "title": "Preparing for fruitfulness",
      "description": "By John Watson",
      "speaker": "John Watson",
      "speakerEmail": "johnawatson72@gmail.com",
      "audioUrl": "http://www.egcc.co.uk/company/egcc/audio/20200126_JohnWatson_PreparingForFruitfulness.mp3",
      "filename": "20200126_JohnWatson_PreparingForFruitfulness.mp3",
      "originalName": "20200126_JohnWatson_PreparingForFruitfulness.mp3",
      "size": 56200444,
      "duration": "39:01",
      "publishedAt": "2020-01-26T00:00:00.000Z",
      "category": "Talk",
      "series": null,
      "guid": "10113"
    },
    {
      "id": "10112",
      "title": "Judge not",
      "description": "By Alan Robinson",
      "speaker": "Alan Robinson",
      "speakerEmail": "johnawatson72@gmail.com",
      "audioUrl": "http://www.egcc.co.uk/company/egcc/audio/20200119_AlanRobinson_JudgeNot.mp3",
      "filename": "20200119_AlanRobinson_JudgeNot.mp3",
      "originalName": "20200119_AlanRobinson_JudgeNot.mp3",
      "size": 55160658,
      "duration": "38:18",
      "publishedAt": "2020-01-19T00:00:00.000Z",
      "category": "Talk",
      "series": null,
      "guid": "10112"
    },
    {
      "id": "10111",
      "title": "The person of Jesus",
      "description": "By John Watson",
      "speaker": "John Watson",
      "speakerEmail": "johnawatson72@gmail.com",
      "audioUrl": "http://www.egcc.co.uk/company/egcc/audio/20200112_JohnWatson_ThePersonOfJesus.mp3",
      "filename": "20200112_JohnWatson_ThePersonOfJesus.mp3",
      "originalName": "20200112_JohnWatson_ThePersonOfJesus.mp3",
      "size": 36992886,
      "duration": "25:41",
      "publishedAt": "2020-01-12T00:00:00.000Z",
      "category": "Talk",
      "series": null,
      "guid": "10111"
    },
    {
      "id": "10026",
      "title": "Wineskins for new wine",
      "description": "By Tano Bellone",
      "speaker": "Tano Bellone",
      "speakerEmail": "johnawatson72@gmail.com",
      "audioUrl": "http://www.egcc.co.uk/company/egcc/audio/201800304_TanoBellone_wineskins.mp3",
      "filename": "201800304_TanoBellone_wineskins.mp3",
      "originalName": "201800304_TanoBellone_wineskins.mp3",
      "size": 16305140,
      "duration": "38:48",
      "publishedAt": "2018-03-04T00:00:00.000Z",
      "category": "Talk",
      "series": null,
      "guid": "10026"
    }
  ],
  "activities": [],
  "communityGroups": [],
  "events": [],
  "contact": {},
  "serviceTimes": {},
  "settings": {},
  "home": {}
}